{
	"miniprogramRoot": "dist/",
	"projectname": "my-dzq",
	"description": "my-dzq",
	"appid": "wx7f778478f6f501fa",
	"setting": {
		"urlCheck": false,
		"es6": false,
		"enhance": false,
		"postcss": false,
		"preloadBackgroundData": false,
		"minified": false,
		"newFeature": false,
		"coverView": true,
		"nodeModules": false,
		"autoAudits": false,
		"showShadowRootInWxmlPanel": true,
		"scopeDataCheck": false,
		"uglifyFileName": false,
		"checkInvalidKey": true,
		"checkSiteMap": true,
		"uploadWithSourceMap": true,
		"compileHotReLoad": false,
		"useMultiFrameRuntime": true,
		"useApiHook": true,
		"useApiHostProcess": true,
		"babelSetting": {
			"ignore": [],
			"disablePlugins": [],
			"outputPath": ""
		},
		"enableEngineNative": false,
		"bundle": false,
		"useIsolateContext": true,
		"useCompilerModule": true,
		"userConfirmedUseCompilerModuleSwitch": false,
		"userConfirmedBundleSwitch": false,
		"packNpmManually": false,
		"packNpmRelationList": [],
		"minifyWXSS": false
	},
	"compileType": "miniprogram",
	"libVersion": "2.17.0",
	"condition": {}
}